Player,Inj,Likes,Pos,Team,Opp,Def v Pos,VegasPts,Salary,Floor,Ceiling,FPG,Asts,FPPM,AVG/36,STDV/36,STDV,ProjSTDV,USG,FGA,MPG,Proj Mins,Own,vGrade,pGrade,Proj,My Proj,Exp.,Used,Con.,Value,Start,Mins,Actual Ownership,Score,Val
Giannis Antetokounmpo,,,PF/C,MIL,vs HOU,19th,125.00,11000,41.1,90.4,56.2,5.9,1.70,61.17,17.28,14.10,15.48,33.2,18.3,33.1,32.25,0%,C,A,54.19,54.19,100,,75,4.9,Y,29,,48.25,4.4
Luka Doncic,,,PG/SF,DAL,vs CLE,3rd,113.50,10900,36.9,83.5,55.4,8.9,1.58,56.85,10.88,13.30,10.73,36.2,20.9,35.1,35.50,0%,C,A,53.88,53.88,100,,76,4.9,Y,23,,36.50,3.3
Nikola Jokic,,,C,DEN,@ UTA,26th,105.50,10800,34,75.7,58.0,8.4,1.66,59.77,11.03,11.91,10.57,28.9,18.1,35.0,34.50,0%,C,A,51.8,51.8,100,,79,4.8,Y,35,,56.75,5.3
Joel Embiid,,,C,PHI,vs NOP,10th,117.25,10700,32,81.6,51.6,2.9,1.63,58.78,12.92,14.18,11.57,35.6,18.0,31.6,32.25,0%,C,A,49.41,49.41,100,,73,4.6,Y,33,,63.25,5.9
Karl-Anthony Towns,,,C,MIN,@ MIA,9th,110.00,10600,36.9,73.2,49.6,4.6,1.46,52.57,9.01,10.38,8.82,29.0,17.5,34.0,35.25,0%,D,A,47.05,47.05,100,,79,4.4,Y,31,,39.50,3.7
Jayson Tatum,,,PF,BOS,@ CHI,3rd,115.00,10500,29.6,70.4,46.0,4.4,1.28,46.28,9.31,11.67,9.31,30.7,20.7,35.8,36.00,0%,C,A,48.77,48.77,100,,75,4.6,Y,38,,23.50,2.2
Nikola Vucevic,,,C,CHI,vs BOS,14th,111.00,10400,30.2,69.9,48.7,3.7,1.45,52.23,9.86,11.34,9.24,29.6,20.0,33.5,33.75,0%,D,A,46.22,46.22,100,,77,4.4,Y,32,,60.00,5.8
LeBron James,,,PG/SF,LAL,@ POR,27th,108.00,10300,0,23.1,50.1,7.8,1.49,53.73,8.84,11.56,0,31.5,18.1,33.6,0.00,0%,,,0,0,100,,77,0,,,,,
De'Aaron Fox,,,PG,SAC,vs SAS,13th,109.75,10200,0,26.2,44.0,7.2,1.25,45.08,9.86,13.10,0,31.0,19.1,35.1,0.00,0%,,,0,0,100,,70,0,,,,,
Julius Randle,,,PF/C,NYK,@ PHX,16th,105.50,10100,30.9,67.7,48.7,5.9,1.31,47.03,8.48,10.50,9.07,29.1,18.4,37.2,38.50,0%,C,A,46.8,46.8,100,,78,4.6,Y,33,,44.25,4.4
Donovan Mitchell,,,PG/SG,UTA,vs DEN,14th,109.50,10000,0,20.2,42.7,5.2,1.28,46.02,11.02,10.10,0,33.3,20.6,33.4,0.00,0%,,,0,0,100,,76,0,,,,,
Zion Williamson,,,PF/C,NOP,@ PHI,9th,106.25,9900,0,19.2,43.8,3.7,1.32,47.47,8.61,9.61,0,29.9,17.0,33.2,0.00,0%,D,A,0,0,100,,78,0,,,,,
Zach LaVine,,,SG,CHI,vs BOS,14th,111.00,9800,21.7,63.3,43.7,5.0,1.25,44.87,9.74,11.88,8.73,30.9,19.3,35.1,32.25,0%,E,B,34.54,34.54,100,,73,3.5,Y,33,,39.75,4.1
Anthony Davis,,,PF/C,LAL,@ POR,29th,108.00,9800,28.4,73.4,40.7,2.9,1.30,46.80,11.29,12.86,10.04,29.5,16.5,31.3,32.00,0%,D,A,43.5,43.5,100,,68,4.4,Y,39,,61.50,6.3
Damian Lillard,,,PG,POR,vs LAL,23rd,115.00,9700,30,72.2,48.3,7.6,1.35,48.69,11.19,12.06,11.11,31.7,20.0,35.7,35.75,0%,C,A,45.27,45.27,100,,75,4.7,Y,39,,58.00,6
Jimmy Butler,,,SF,MIA,vs MIN,3rd,118.00,9500,30.3,68.6,45.8,7.2,1.36,48.85,9.22,10.93,8.77,26.7,14.4,33.8,34.25,0%,C,A,46.85,46.85,100,,76,4.9,Y,36,,52.50,5.5
Bam Adebayo,,,C,MIA,vs MIN,2nd,118.00,9300,30.4,60.7,42.3,5.4,1.27,45.61,8.57,8.66,7.92,24.2,12.7,33.4,33.25,0%,C,A,42.85,42.85,100,,80,4.6,Y,33,,33.00,3.5
Kristaps Porzingis,,,PF/C,DAL,vs CLE,1st,113.50,9200,0,22.7,38.8,1.6,1.25,44.91,11.71,11.36,0,26.8,16.0,31.1,0.00,0%,,,0,0,100,,71,0,,,,,
Jaylen Brown,,,SG/SF,BOS,@ CHI,2nd,115.00,9100,0,19.1,41.1,3.4,1.19,42.85,11.01,9.55,0,29.9,19.1,34.5,0.00,0%,,,0,0,100,,77,0,,,,,
Christian Wood,,,C,HOU,@ MIL,27th,108.00,9000,0,20.3,40.3,1.7,1.25,44.83,9.33,10.16,0,26.0,15.6,32.3,0.00,0%,B,A,0,0,100,,75,0,,,,,
Rudy Gobert,,,C,UTA,vs DEN,12th,109.50,9000,25.9,60.9,39.8,1.2,1.30,46.62,10.63,10.00,9.52,17.3,8.2,30.7,32.25,0%,D,B,36.72,36.72,100,,75,4.1,Y,35,,33.75,3.8
Khris Middleton,,,SG/SF,MIL,vs HOU,22nd,125.00,8900,25.7,61.3,38.7,5.5,1.16,41.67,11.53,10.17,10.41,25.1,15.9,33.4,32.50,0%,D,B,36.24,36.24,100,,74,4.1,Y,32,,31.50,3.5
Collin Sexton,,,PG/SG,CLE,@ DAL,21st,103.50,8700,21.3,55.1,36.6,4.2,1.03,36.99,7.92,9.63,8.03,29.4,18.5,35.6,36.50,0%,D,B,37.79,37.79,100,,74,4.3,Y,36,,37.00,4.3
Jrue Holiday,,,PG/SG,MIL,vs HOU,25th,125.00,8600,23.1,64.1,36.8,5.9,1.15,41.17,11.60,11.71,10.47,22.2,13.8,32.1,32.50,0%,D,B,36.32,36.32,100,,68,4.2,Y,34,,45.50,5.3
Michael Porter Jr.,,,SF/PF,DEN,@ UTA,26th,105.50,8600,23.3,58.4,34.1,1.1,1.08,38.87,9.21,10.05,9.02,21.4,13.3,31.6,35.25,0%,D,B,35.99,35.99,100,,71,4.2,Y,38,,45.50,5.3
Darius Garland,,,PG,CLE,@ DAL,21st,103.50,8400,0,20.1,32.3,6.2,0.96,34.71,8.82,10.07,0,25.2,15.1,33.5,0.00,0%,,,0,0,100,,69,0,,,,,
Devin Booker,,,SG,PHX,vs NYK,4th,111.50,8400,28.5,60.5,39.1,4.4,1.15,41.59,9.41,9.13,9.41,32.9,19.4,33.9,36.00,0%,D,B,37.77,37.77,100,,77,4.5,Y,35,,25.50,3
DeMar DeRozan,,,SF,SAS,@ SAC,5th,113.75,8400,25.5,65.8,39.6,7.3,1.17,41.95,8.79,11.51,8.61,25.2,15.1,33.9,35.25,0%,C,A,40.16,40.16,100,,71,4.8,Y,36,,40.00,4.8
C.J. McCollum,,,PG/SG,POR,vs LAL,28th,115.00,8300,22.8,61.3,39.1,4.8,1.16,41.63,9.17,10.98,9.04,27.2,18.8,33.8,35.50,0%,D,B,37.25,37.25,100,,72,4.5,Y,39,,33.75,4.1
Brandon Ingram,,,SF,NOP,@ PHI,12th,106.25,8200,0,18.2,39.7,4.9,1.16,41.80,9.28,9.09,0,28.2,18.0,34.2,0.00,0%,,,0,0,100,,77,0,,,,,
LaMelo Ball,,,PG,CHA,vs ORL,20th,110.50,8200,19.2,63.2,36.1,6.2,1.26,45.51,11.14,12.57,9.36,25.5,12.8,28.6,30.25,0%,C,B,38.01,38.01,100,,65,4.6,Y,34,,45.50,5.5
Kevin Porter Jr.,,,PG,HOU,@ MIL,30th,108.00,8200,0,30.3,32.3,6.3,1.00,36.10,13.50,15.17,0,25.1,14.1,32.2,0.00,0%,,,0,0,100,,53,0,,,,,
Lonzo Ball,,,PG,NOP,@ PHI,12th,106.25,8100,18.9,61.6,34.1,5.8,1.08,38.76,11.37,12.20,10.98,20.4,12.7,31.7,34.75,0%,C,B,37.61,37.61,100,,64,4.6,Y,34,,34.75,4.3
Terry Rozier,,,PG/SG,CHA,vs ORL,20th,110.50,8000,17.8,57.7,35.7,4.1,1.05,37.85,9.97,11.41,9.62,24.6,16.2,34.0,34.75,0%,C,B,37.83,37.83,100,,68,4.7,Y,39,,44.25,5.5
Kelly Olynyk,,,PF/C,HOU,@ MIL,27th,108.00,8000,21.3,65.1,29.1,2.6,1.02,36.63,10.92,12.53,11.75,18.6,9.8,28.6,38.75,0%,B,A,43.69,43.69,100,,57,5.5,Y,31,,54.50,6.8
Buddy Hield,,,SG/SF,SAC,vs SAS,11th,109.75,8000,22.1,55.4,31.4,3.4,0.91,32.78,8.23,9.51,8.57,20.6,14.1,34.5,37.50,0%,C,B,37.68,37.68,100,,70,4.7,Y,39,,35.75,4.5
Anthony Edwards,,,SG/SF,MIN,@ MIA,8th,110.00,7900,19.3,61.7,32.3,2.8,1.02,36.58,10.74,12.12,10.74,26.9,16.8,31.7,36.00,0%,D,B,31.85,31.85,100,,62,4,Y,41,,37.50,4.7
Tyrese Haliburton,,,PG,SAC,vs SAS,11th,109.75,7900,0,20.1,28.7,5.3,0.95,34.36,8.78,10.04,0,18.1,10.7,30.1,0.00,0%,,,0,0,100,,65,0,,,,,
Harrison Barnes,,,SF/PF,SAC,vs SAS,11th,109.75,7800,0,18.8,31.7,3.5,0.88,31.48,8.93,9.40,0,17.3,11.1,36.2,0.00,0%,E,C,0,0,100,,70,0,,,,,
Dejounte Murray,,,PG,SAS,@ SAC,7th,113.75,7800,23.3,63.1,35.9,5.3,1.13,40.54,11.12,11.36,10.58,22.8,14.4,31.9,34.25,0%,C,B,36.52,36.52,100,,68,4.7,Y,35,,37.75,4.8
Kemba Walker,,,PG,BOS,@ CHI,2nd,115.00,7600,21.3,51.4,34.1,5.0,1.09,39.13,9.66,8.59,8.12,26.2,15.4,31.4,30.25,0%,C,B,37.13,37.13,100,,75,4.9,Y,35,,48.50,6.4
Chris Paul,,,PG,PHX,vs NYK,6th,111.50,7600,21.3,62.7,38.6,8.8,1.23,44.21,11.34,11.82,10.08,22.1,12.5,31.5,32.00,0%,C,B,35.42,35.42,100,,69,4.7,Y,30,,43.50,5.7
Jordan Clarkson,,,PG/SG,UTA,vs DEN,14th,109.50,7500,19.7,48.4,28.8,2.4,1.10,39.51,9.44,8.22,8.19,29.5,15.3,26.2,31.25,0%,C,B,36.63,36.63,100,,71,4.9,,37,,45.75,6.1
Ben Simmons,,,PG,PHI,vs NOP,12th,117.25,7400,25.2,61.8,37.4,6.8,1.15,41.50,8.69,10.45,7.85,20.3,10.1,32.5,32.50,0%,C,B,33.39,33.39,100,,72,4.5,Y,34,,37.25,5
Miles Bridges,,,SF/PF,CHA,vs ORL,20th,110.50,7400,0,22.1,26.4,2.2,0.91,32.70,9.84,11.07,0,16.8,9.1,29.1,0.00,0%,,,0,0,100,,58,0,,,,,
Mike Conley,,,PG,UTA,vs DEN,10th,109.50,7400,0,17.5,33.4,6.0,1.12,40.39,9.45,8.75,0,23.3,12.7,29.7,0.00,0%,,,0,0,100,,74,0,,,,,
D'Angelo Russell,,,PG/SG,MIN,@ MIA,9th,110.00,7300,24,65.1,33.7,5.7,1.20,43.01,10.43,11.73,9.92,29.4,15.6,28.2,34.25,0%,C,B,36.14,36.14,100,,65,5,Y,26,,28.75,3.9
Jarrett Allen,,,C,CLE,@ DAL,21st,103.50,7200,18.8,57.1,32.1,1.7,1.09,39.33,10.96,10.95,9.51,16.6,7.7,29.4,31.25,0%,C,B,34.53,34.53,100,,66,4.8,Y,31,,24.00,3.3
Victor Oladipo,,,PG/SG,MIA,vs MIN,3rd,118.00,7100,0,19.3,36.3,4.6,1.11,40.01,9.96,9.63,0,28.9,17.5,32.7,0.00,0%,,,0,0,100,,73,0,,,,,
Tobias Harris,,,SF/PF,PHI,vs NOP,10th,117.25,7000,22.3,58.6,37.3,3.6,1.14,41.13,10.39,10.36,9.6,23.9,14.8,32.6,33.25,0%,C,B,34.53,34.53,100,,72,4.9,Y,36,,26.75,3.8
PJ Washington,,,PF/C,CHA,vs ORL,22nd,110.50,7000,13.8,55.8,29.2,2.5,0.97,34.91,10.29,11.99,9.58,19.4,10.5,30.1,33.50,0%,C,B,34.75,34.75,100,,59,5,Y,38,,41.75,6
Jusuf Nurkic,,,C,POR,vs LAL,24th,115.00,7000,19.3,58,29.9,3.2,1.28,46.27,12.80,11.04,9.51,21.8,8.5,23.3,26.75,0%,D,B,31.43,31.43,100,,63,4.5,Y,31,,36.75,5.3
Coby White,,,PG,CHI,vs BOS,14th,111.00,6900,11.4,47.1,28.5,4.7,0.92,33.17,8.78,10.18,7.13,22.7,13.0,30.9,29.25,0%,D,C,28.5,28.5,100,,64,4.1,Y,33,,47.75,6.9
Marcus Smart,,,PG/SG,BOS,@ CHI,2nd,115.00,6900,21.6,49.3,30.4,5.8,0.92,33.25,8.53,7.90,8.17,18.3,10.6,32.9,34.50,0%,C,B,32.21,32.21,100,,74,4.7,Y,32,,22.00,3.2
Gordon Hayward,,,PF,CHA,vs ORL,21st,110.50,6900,0,21.5,36.1,4.1,1.06,38.24,10.18,10.76,0,23.8,15.0,34.0,0.00,0%,,,0.00,0.00,100,,70,0,,,,,
RJ Barrett,,,SF,NYK,@ PHX,18th,105.50,6900,19.4,51.6,31.2,3.0,0.90,32.40,7.46,9.21,7.67,23.4,14.6,34.6,37.00,0%,C,B,33.35,33.35,100,,70,4.8,Y,41,,38.50,5.6
Andre Drummond,,,C,LAL,@ POR,22nd,108.00,6900,10.9,67.2,38.2,2.1,1.40,50.36,14.60,16.08,9.73,28.0,13.0,27.3,24.00,0%,C,B,33.88,33.88,100,,58,4.9,Y,22,,16.75,2.4
Derrick White,,,PG/SG,SAS,@ SAC,7th,113.75,6900,0,20,28.4,3.5,0.96,34.57,11.52,10.00,0,22.6,12.6,29.5,0.00,0%,,,0,0,100,,65,0,,,,,
Cole Anthony,,,PG,ORL,@ CHA,19th,103.50,6800,14.8,45.4,25.9,4.3,0.96,34.63,8.95,8.75,7.15,23.3,11.3,27.0,28.75,0%,D,C,29.74,29.74,100,,66,4.4,Y,29,,31.75,4.7
Bojan Bogdanovic,,,SF/PF,UTA,vs DEN,14th,109.50,6800,12.5,49.2,25.6,1.9,0.84,30.15,11.41,10.49,10.46,22.1,12.4,30.6,33.00,0%,D,C,29.13,29.13,100,,59,4.3,Y,39,,66.50,9.8
Delon Wright,,,PG/SG,SAC,vs SAS,13th,109.75,6800,17.9,62.1,25.7,4.3,0.94,33.94,11.81,12.64,12.3,15.6,7.9,27.2,37.50,0%,B,B,36.81,36.81,100,,51,5.4,Y,39,,39.75,5.8
Joe Ingles,,,SG/SF,UTA,vs DEN,13th,109.50,6700,12.6,48.3,26.1,4.6,0.95,34.08,11.72,10.20,10.66,16.5,8.3,27.6,32.75,0%,C,B,32.79,32.79,100,,61,4.9,Y,35,,29.75,4.4
Deandre Ayton,,,C,PHX,vs NYK,7th,111.50,6700,25.1,57.1,33.4,1.5,1.09,39.32,8.77,9.16,8.04,18.5,10.1,30.6,33.00,0%,C,B,31.86,31.86,100,,73,4.8,Y,29,,51.75,7.7
Dennis Schroder,,,PG,LAL,@ POR,28th,108.00,6600,0,18.7,30.7,5.8,0.95,34.29,9.07,9.35,0,22.8,12.5,32.2,0.00,0%,,,0,0,100,,70,0,,,,,
Richaun Holmes,,,C,SAC,vs SAS,10th,109.75,6600,17.1,57.1,31.8,1.6,1.07,38.75,10.47,11.44,9.09,17.8,9.5,29.6,31.25,0%,C,B,32.83,32.83,100,,64,5,Y,33,,34.25,5.2
Kevin Love,,,PF/C,CLE,@ DAL,18th,103.50,6500,0,20.7,26.0,2.5,1.07,38.29,13.06,10.37,0,21.7,9.9,24.4,0.00,0%,C,C,0,0,100,,60,0,,,,,
Nickeil Alexander-Walker,,,PG,NOP,@ PHI,12th,106.25,6400,0,24.4,20.1,2.0,0.97,34.94,13.80,12.22,0,23.6,9.2,20.7,0.00,0%,D,C,0,0,100,,39,0,,,,,
Norman Powell,,,SG/SF,POR,vs LAL,28th,115.00,6400,13.8,53.3,28.6,1.9,0.91,32.66,10.09,11.27,9.11,23.0,13.3,31.6,32.50,0%,D,C,27.39,27.39,100,,61,4.3,Y,38,,27.50,4.3
Thaddeus Young,,,PF/C,CHI,vs BOS,14th,111.00,6300,10.4,39.8,28.9,4.4,1.19,42.96,11.51,8.39,6.71,22.6,9.6,24.2,21.00,0%,E,C,24.73,24.73,100,,71,3.9,,18,,17.25,2.7
Terrence Ross,,,SG/SF,ORL,@ CHA,28th,103.50,6200,0,21,26.6,2.4,0.91,32.74,11.16,10.52,0,23.8,13.4,29.2,0.00,0%,,,0,0,100,,60,0,,,,,
Kendrick Nunn,,,PG,MIA,vs MIN,1st,118.00,6200,10.1,52.8,25.2,2.7,0.85,30.67,11.41,12.20,10.06,21.3,11.7,29.5,31.75,0%,D,C,27.89,27.89,100,,52,4.5,Y,29,,16.50,2.7
Jae'Sean Tate,,,SG/SF,HOU,@ MIL,29th,108.00,6200,0,17.9,24.8,2.3,0.85,30.42,9.68,8.94,0,16.0,8.8,29.3,0.00,0%,B,B,0,0,100,,64,0,,,,,
Mohamed Bamba,,,C,ORL,@ CHA,19th,103.50,6100,18.5,62.5,19.0,0.7,1.28,45.92,21.85,12.58,18.21,22.2,6.3,14.9,30.00,0%,A,B,38.75,38.75,100,,34,6.4,Y,33,,43.00,7
Devonte' Graham,,,PG/SG,CHA,vs ORL,20th,110.50,6000,0,16.7,28.9,5.4,0.96,34.69,8.48,8.33,0,21.6,12.1,30.0,0.00,0%,B,B,0,0,100,,71,0,,,,,
Derrick Rose,,,PG/SG,NYK,@ PHX,15th,105.50,6000,22.3,53.2,26.0,4.1,1.04,37.32,10.35,8.82,9.06,25.8,12.0,25.1,31.50,0%,B,B,30.28,30.28,100,,66,5,,29,,31.00,5.2
Josh Hart,,,SG,NOP,@ PHI,12th,106.25,5900,0,19.8,25.2,2.3,0.88,31.58,10.10,9.90,0,13.4,7.3,28.7,0.00,0%,,,0,0,100,,61,0,,,,,
Robert Williams,,,C,BOS,@ CHI,3rd,115.00,5900,0,22.7,24.4,1.8,1.28,46.02,14.80,11.33,0,14.9,5.0,19.1,0.00,0%,E,E,0,0,100,,54,0,,,,,
Will Barton,,,SG/SF,DEN,@ UTA,25th,105.50,5900,0,19.9,25.2,3.2,0.81,29.26,9.37,9.93,0,18.7,10.9,31.0,0.00,0%,,,0,0,100,,61,0,,,,,
Marvin Bagley III,,,PF,SAC,vs SAS,13th,109.75,5900,19.5,52.2,27.3,1.0,1.05,37.66,9.40,9.35,8.36,23.4,11.6,26.1,32.00,0%,A,B,34.58,34.58,100,,66,5.9,Y,19,,8.00,1.4
Wendell Carter Jr.,,,C,ORL,@ CHA,19th,103.50,5800,0,18.5,27.1,1.9,1.07,38.33,10.64,9.27,0,19.2,8.5,25.4,0.00,0%,,,0,0,100,,66,0,,,,,
Eric Gordon,,,SG,HOU,@ MIL,30th,108.00,5700,0,17.5,26.8,2.6,0.91,32.95,9.63,8.76,0,25.2,13.6,29.3,0.00,0%,,,0.00,0.00,100,,67,0,,,,,
Cedi Osman,,,SF/PF,CLE,@ DAL,17th,103.50,5700,10.6,48.5,21.0,2.8,0.83,29.96,10.10,10.84,9.68,20.3,9.8,25.3,34.50,0%,C,C,27.98,27.98,100,,48,4.9,Y,36,,39.75,7
Tim Hardaway Jr.,,,SF,DAL,vs CLE,1st,113.50,5700,12,46.9,25.3,1.7,0.89,31.96,10.33,9.98,8.97,23.6,13.1,28.5,31.25,0%,B,B,30.22,30.22,100,,61,5.3,Y,28,,29.00,5.1
Goran Dragic,,,PG,MIA,vs MIN,1st,118.00,5600,14.1,45.3,25.6,4.5,0.96,34.57,10.52,8.92,7.82,24.3,10.8,26.7,26.75,0%,D,C,24.5,24.5,100,,65,4.4,,32,,34.00,6.1
Malik Beasley,,,SG/SF,MIN,@ MIA,8th,110.00,5600,0,20,31.5,2.4,0.96,34.63,10.31,10.02,0,24.3,16.2,32.8,0.00,0%,,,0,0,100,,68,0,,,,,
Bobby Portis,,,PF/C,MIL,vs HOU,21st,125.00,5600,2.5,38.6,24.6,1.1,1.17,42.22,12.93,10.31,5.66,20.5,9.0,21.0,15.75,0%,E,C,22.13,22.13,100,,58,4,,15,,27.00,4.8
Dorian Finney-Smith,,,SF/PF,DAL,vs CLE,1st,113.50,5600,14.6,40.2,22.8,1.7,0.70,25.21,6.99,7.31,6.6,12.4,7.8,32.6,34.00,0%,D,C,24.44,24.44,100,,68,4.4,Y,26,,18.75,3.3
Larry Nance Jr.,,,SF,CLE,@ DAL,17th,103.50,5600,0,22.7,26.8,3.1,0.86,30.89,9.77,11.36,0,14.1,7.8,31.2,0.00,0%,,,0,0,100,,58,0,,,,,
Mikal Bridges,,,SF,PHX,vs NYK,6th,111.50,5600,16.7,49.9,26.5,2.2,0.81,29.04,9.17,9.47,9.3,14.7,9.4,32.8,36.50,0%,C,C,27.71,27.71,100,,64,4.9,Y,36,,26.00,4.6
Kyle Kuzma,,,SF/PF,LAL,@ POR,27th,108.00,5600,13.7,48.2,26.3,1.8,0.92,33.06,10.29,9.86,9.29,20.1,11.2,28.7,32.50,0%,B,C,28.17,28.17,100,,63,5,Y,33,,10.25,1.8
Moritz Wagner,,,PF/C,ORL,@ CHA,19th,103.50,5500,15.7,51.2,13.6,1.1,0.93,33.15,15.34,10.15,13.42,17.0,4.6,14.7,31.50,0%,A,B,30.96,30.96,100,,25,5.6,Y,23,,17.75,3.2
Hassan Whiteside,,,C,SAC,vs SAS,11th,109.75,5500,0,21.7,19.1,0.6,1.25,45.10,17.58,10.87,0,23.1,6.2,15.3,0.00,0%,E,E,1.24,1.24,100,,43,0.2,,,,,
Jakob Poeltl,,,C,SAS,@ SAC,6th,113.75,5500,14.9,50.4,25.5,1.9,0.97,34.96,10.10,10.15,7.43,13.5,6.1,26.3,26.50,0%,C,C,25.08,25.08,100,,60,4.6,Y,35,,40.50,7.4
Evan Fournier,,,SG,BOS,@ CHI,3rd,115.00,5400,13.2,53.8,28.7,3.2,0.97,34.90,11.93,11.62,10.52,23.1,12.6,29.6,31.75,0%,B,C,28.21,28.21,100,,60,5.2,Y,36,,33.50,6.2
Daniel Theis,,,PF/C,CHI,vs BOS,14th,111.00,5300,8.7,45.7,22.0,1.7,0.89,32.23,11.47,10.58,7.97,15.6,7.2,24.6,25.00,0%,D,C,22.48,22.48,100,,52,4.2,Y,29,,21.50,4.1
Tristan Thompson,,,C,BOS,@ CHI,3rd,115.00,5200,16.7,41,21.4,1.3,0.91,32.95,9.35,6.93,6.88,15.1,6.1,23.4,26.50,0%,D,C,23.05,23.05,100,,68,4.4,Y,27,,25.50,4.9
R.J. Hampton,,,PG/SG,ORL,@ CHA,29th,103.50,5200,8.1,48.1,13.8,1.4,0.81,29.32,13.25,11.43,11.32,19.2,5.6,17.0,30.75,0%,B,C,27.19,27.19,100,,17,5.2,,30,,26.75,5.1
Jalen McDaniels,,,SF/PF,CHA,vs ORL,22nd,110.50,5200,12.1,47.9,14.4,1.0,0.80,28.84,13.39,10.25,12.37,19.1,5.6,17.9,33.25,0%,B,C,26.12,26.12,100,,29,5,Y,30,,29.50,5.7
Duncan Robinson,,,SG/SF,MIA,vs MIN,1st,118.00,5100,10.3,36.6,23.0,1.8,0.72,26.05,7.77,7.52,6.26,16.5,10.0,31.8,29.00,0%,D,C,22.65,22.65,100,,67,4.4,Y,18,,13.00,2.5
Facundo Campazzo,,,PG/SG,DEN,@ UTA,26th,105.50,5100,11.6,48.8,16.2,3.4,0.76,27.54,11.94,10.64,11.44,12.9,4.6,21.2,34.50,0%,C,C,25.49,25.49,100,,34,5,Y,33,,30.00,5.9
Nerlens Noel,,,C,NYK,@ PHX,16th,105.50,5100,17.3,48.4,20.4,0.8,0.86,30.86,9.53,8.89,7.68,9.9,3.6,23.8,29.00,0%,D,D,21.84,21.84,100,,56,4.3,Y,22,,11.75,2.3
Robert Covington,,,PF/C,POR,vs LAL,22nd,115.00,5100,15.6,48.2,25.5,1.7,0.80,28.76,8.83,9.29,7.6,11.7,7.4,32.0,31.00,0%,C,C,23.68,23.68,100,,64,4.6,Y,38,,20.50,4
Guillermo Hernangomez,,,C,NOP,@ PHI,13th,106.25,5000,13.2,52.2,18.4,0.9,1.08,39.04,17.60,11.14,13.08,16.1,5.1,17.0,26.75,0%,A,C,29.42,29.42,100,,39,5.9,Y,24,,33.25,6.7
Chuma Okeke,,,PF/C,ORL,@ CHA,17th,103.50,5000,0,19.2,19.4,2.2,0.77,27.80,9.73,9.58,0,13.8,7.2,25.2,0.00,0%,,,0,0,100,,51,0,,,,,
Donte DiVincenzo,,,PG/SG,MIL,vs HOU,22nd,125.00,5000,14.1,46.2,24.8,3.0,0.91,32.76,10.83,9.18,8.27,16.8,9.1,27.3,27.50,0%,C,C,23.97,23.97,100,,63,4.8,Y,34,,37.25,7.5
Aaron Gordon,,,SF/PF,DEN,@ UTA,25th,105.50,5000,8.8,49.2,27.1,3.3,0.97,34.93,10.57,11.55,7.63,20.6,10.0,28.0,26.00,0%,D,D,21.69,21.69,100,,57,4.3,Y,30,,20.50,4.1
Eric Bledsoe,,,PG/SG,NOP,@ PHI,12th,106.25,4900,18.4,50.2,24.0,3.7,0.80,28.97,9.10,9.09,8.34,17.8,10.0,29.9,33.00,0%,A,C,27.65,27.65,100,,62,5.6,Y,40,,33.75,6.9
James Ennis,,,SF/PF,ORL,@ CHA,28th,103.50,4900,0,16.6,17.8,1.5,0.74,26.74,10.36,8.32,0,14.0,5.9,24.0,0.00,0%,,,0,0,100,,53,0,,,,,
Ricky Rubio,,,PG,MIN,@ MIA,9th,110.00,4900,11.2,45.7,24.9,6.5,0.96,34.58,10.65,9.86,7.1,15.9,7.1,25.9,24.00,0%,C,C,22.13,22.13,100,,60,4.5,Y,33,,36.25,7.4
Jalen Brunson,,,PG/SG,DAL,vs CLE,3rd,113.50,4900,9.7,40.9,23.0,3.4,0.92,33.07,9.89,8.91,6.73,20.5,9.2,25.1,24.50,0%,D,D,21.9,21.9,100,,61,4.5,,27,,21.50,4.4
Reggie Bullock,,,SG/SF,NYK,@ PHX,18th,105.50,4900,12.8,38.6,19.8,1.5,0.69,24.62,7.40,7.38,7.09,14.7,8.4,28.9,34.50,0%,C,C,22.23,22.23,100,,63,4.5,Y,38,,20.75,4.2
Keldon Johnson,,,PF,SAS,@ SAC,5th,113.75,4900,11.9,48.6,25.3,1.8,0.87,31.44,9.92,10.51,8.13,18.9,10.3,29.0,29.50,0%,B,C,25.7,25.7,100,,58,5.2,Y,27,,25.25,5.2
Dwayne Bacon,,,SG/SF,ORL,@ CHA,29th,103.50,4800,8.7,37.2,18.0,1.2,0.70,25.11,10.25,8.14,8.4,19.5,10.0,25.8,29.50,0%,C,C,23.67,23.67,100,,55,4.9,Y,34,,37.00,7.7
Brook Lopez,,,C,MIL,vs HOU,25th,125.00,4800,15.8,42.7,23.6,0.8,0.87,31.15,9.05,7.68,6.47,16.7,9.0,27.2,25.75,0%,B,C,24.09,24.09,100,,67,5,Y,24,,38.25,8
PJ Dozier,,,SG,DEN,@ UTA,23rd,105.50,4800,0,15.6,17.2,1.8,0.79,28.41,12.10,7.81,0,17.2,7.1,21.8,0.00,0%,,,0,0,100,,55,0,,,,,
Terence Davis,,,SG/SF,SAC,vs SAS,13th,109.75,4800,8.3,40.5,14.2,1.2,0.87,31.40,13.61,9.21,9.17,21.2,6.7,16.3,24.25,0%,B,C,24.04,24.04,100,,35,5,,33,,35.75,7.4
Michael Carter-Williams,,,PG,ORL,@ CHA,19th,103.50,4700,0,18.7,22.5,4.1,0.87,31.39,10.52,9.36,0,20.3,8.7,25.8,0.00,0%,,,0,0,100,,58,0,,,,,
KJ Martin Jr.,,,PF,HOU,@ MIL,27th,108.00,4700,21.6,57.8,18.1,0.7,0.84,30.22,13.46,10.34,15.33,14.7,5.9,21.6,41.00,0%,A,B,39.45,39.45,100,,43,8.4,Y,39,,47.25,10.1
Josh Richardson,,,SG,DAL,vs CLE,1st,113.50,4700,11.1,38.2,23.2,2.7,0.74,26.76,7.60,7.74,5.86,18.2,10.5,31.2,27.75,0%,C,C,22.03,22.03,100,,67,4.7,Y,28,,37.25,7.9
Trevor Ariza,,,PF,MIA,vs MIN,2nd,118.00,4600,7.3,43.1,21.4,1.8,0.79,28.26,10.09,10.22,7.99,15.5,7.7,27.2,28.50,0%,B,C,23.35,23.35,100,,52,5.1,Y,31,,20.00,4.3
Furkan Korkmaz,,,SG/SF,PHI,vs NOP,9th,117.25,4500,0,17.6,16.7,1.4,0.87,31.26,12.45,8.82,0,21.1,7.7,19.2,0.00,0%,,,0,0,100,,47,0,,,,,
Lauri Markkanen,,,PF/C,CHI,vs BOS,14th,111.00,4500,4.6,37.6,24.1,0.9,0.92,33.08,9.50,9.43,5.34,20.2,10.6,26.3,20.25,0%,E,D,17.69,17.69,100,,61,3.9,,14,,11.00,2.4
Otto Porter,,,SF,ORL,@ CHA,28th,103.50,4500,0,21.9,21.2,2.0,0.98,35.32,11.51,10.97,0,18.4,8.1,21.6,0.00,0%,,,0,0,100,,48,0,,,,,
Malik Monk,,,SG,CHA,vs ORL,20th,110.50,4500,6.4,48.1,21.0,2.1,0.95,34.12,14.03,11.90,10.62,24.0,10.1,22.1,27.25,0%,B,C,24.56,24.56,100,,43,5.5,,9,,3.50,0.8
Tyler Herro,,,PG/SG,MIA,vs MIN,3rd,118.00,4500,5.3,41.1,28.2,3.4,0.92,33.20,9.50,10.24,6,23.2,13.1,30.6,22.75,0%,D,D,18.53,18.53,100,,64,4.1,,29,,39.75,8.8
Montrezl Harrell,,,C,LAL,@ POR,29th,108.00,4500,3.7,39.2,25.8,1.1,1.11,39.87,12.41,10.14,5.52,21.1,8.8,23.3,16.00,0%,E,D,17.32,17.32,100,,61,3.8,,,,,
Steven Adams,,,C,NOP,@ PHI,13th,106.25,4400,0,18.3,24.4,1.9,0.88,31.73,10.93,9.15,0,11.8,5.3,27.7,0.00,0%,,,0,0,100,,63,0,,,,,
Seth Curry,,,SG,PHI,vs NOP,8th,117.25,4400,10.2,41.5,21.7,2.7,0.76,27.15,10.26,8.95,8.41,17.1,9.8,28.7,29.50,0%,C,D,21.16,21.16,100,,59,4.8,Y,32,,35.00,8
Caleb Martin,,,SG/SF,CHA,vs ORL,24th,110.50,4400,10,39.4,12.3,1.2,0.80,28.85,12.10,8.42,9.24,17.0,4.9,15.3,27.50,0%,C,D,20.91,20.91,100,,32,4.8,,22,,17.50,4
Isaac Okoro,,,SG/SF,CLE,@ DAL,18th,103.50,4400,7.2,35.5,17.8,1.8,0.56,20.07,7.55,8.09,6.76,13.5,7.6,32.0,32.25,0%,D,D,19.8,19.8,100,,55,4.5,Y,36,,23.75,5.4
Royce O'Neale,,,SF/PF,UTA,vs DEN,13th,109.50,4400,11.5,38.1,22.3,2.5,0.70,25.24,8.30,7.61,7.44,9.3,5.4,31.7,32.25,0%,B,C,22.16,22.16,100,,66,5,Y,28,,13.50,3.1
Cody Martin,,,SF,CHA,vs ORL,21st,110.50,4300,0,17.3,12.3,1.7,0.74,26.58,16.79,8.64,0,12.8,3.7,16.6,0.00,0%,,,0,0,100,,30,0,,,,,
Gary Harris,,,SG/SF,ORL,@ CHA,29th,103.50,4200,4.3,31,18.3,2.1,0.64,22.86,10.54,7.63,6.95,16.5,8.8,28.8,23.75,0%,B,D,21.29,21.29,100,,58,5.1,Y,30,,21.75,5.2
Jaylen Nowell,,,PG/SG,MIN,@ MIA,9th,110.00,4200,0,20.5,16.7,1.6,0.89,31.95,13.28,9.45,0.65,22.1,8.4,18.8,1.75,0%,E,E,1.46,1.46,100,,43,0.3,,7,,1.25,0.3
Enes Kanter,,,C,POR,vs LAL,24th,115.00,4200,2.9,45.6,29.8,1.2,1.19,43.00,12.55,12.19,5.93,17.6,8.0,25.0,17.00,0%,C,D,19.47,19.47,100,,59,4.6,,17,,24.00,5.7
Naji Marshall,,,SG/SF,NOP,@ PHI,12th,106.25,4100,11,54.2,17.6,2.6,0.89,32.10,13.54,12.36,12.22,15.1,5.2,19.7,32.50,0%,A,C,29.16,29.16,100,,30,7.1,Y,27,,21.75,5.3
Shake Milton,,,PG/SG,PHI,vs NOP,8th,117.25,4100,1.8,34,22.0,3.0,0.94,33.90,12.84,9.18,5.97,25.3,10.8,23.4,16.75,0%,D,D,17.19,17.19,100,,58,4.2,,15,,13.50,3.3
Dwight Howard,,,C,PHI,vs NOP,10th,117.25,4100,2.8,37.2,20.9,0.8,1.22,43.71,16.20,9.81,6.64,18.4,4.4,17.2,14.75,0%,C,D,18.85,18.85,100,,53,4.6,,15,,22.25,5.4
Isaiah Thomas,,,PG,NOP,@ PHI,12th,106.25,4100,0,11.6,12.0,1.7,0.75,27.00,6.56,5.79,0,29.4,9.0,16.0,0.00,0%,,,0.00,0.00,100,,52,0,,,,,
Danuel House,,,SF/PF,HOU,@ MIL,29th,108.00,4100,5.1,36,18.9,1.8,0.71,25.34,8.43,8.83,5.8,14.9,7.6,26.8,24.75,0%,E,E,8.24,8.24,100,,53,2,,16,,20.50,5
Taurean Prince,,,SF,CLE,@ DAL,17th,103.50,4100,0,19.2,19.3,1.9,0.88,31.50,10.14,9.58,0,19.9,8.0,22.0,0.00,0%,,,0.00,0.00,100,,50,0,,,,,
Talen Horton-Tucker,,,SF,LAL,@ POR,27th,108.00,4100,0,19.9,18.0,2.6,0.92,33.20,13.06,9.97,0,21.4,7.4,19.5,0.00,0%,,,0,0,100,,45,0,,,,,
Danny Green,,,SF,PHI,vs NOP,9th,117.25,4000,7.7,42.1,22.0,1.7,0.78,28.20,9.28,9.81,7.09,13.5,7.9,28.1,27.50,0%,B,D,20.77,20.77,100,,55,5.2,Y,31,,18.25,4.6
Patrick Williams,,,SF/PF,CHI,vs BOS,14th,111.00,4000,8.7,35.8,19.9,1.4,0.71,25.44,8.45,7.74,6.4,15.2,7.5,28.1,27.25,0%,C,D,18.76,18.76,100,,61,4.7,Y,27,,19.00,4.8
Alex Caruso,,,PG/SG,LAL,@ POR,28th,108.00,4000,12.6,33.6,16.2,2.6,0.78,28.07,8.73,5.99,6.55,14.3,5.0,20.8,27.00,0%,A,C,24.9,24.9,100,,63,6.2,Y,35,,29.00,7.3
Armoni Brooks,,,PG,HOU,@ MIL,24th,108.00,3900,10.9,42,15.7,1.1,0.68,24.44,10.19,8.88,9.84,17.6,8.0,23.1,34.75,0%,A,C,25.26,25.26,100,,43,6.5,,34,,40.75,10.4
Mitchell Robinson,,,C,NYK,@ PHX,15th,105.50,3900,0,15.4,24.2,0.5,0.88,31.68,8.72,7.71,0,11.9,5.7,27.5,0.00,0%,,,0,0,100,,68,0,,,,,
Rudy Gay,,,SF/PF,SAS,@ SAC,7th,113.75,3900,11.1,38.8,22.3,1.4,1.03,37.30,10.52,7.92,6.28,23.3,9.9,21.6,21.50,0%,B,D,20.79,20.79,100,,64,5.3,,23,,27.75,7.1
Cody Zeller,,,C,CHA,vs ORL,20th,110.50,3800,0.4,33.5,21.9,1.8,1.08,38.74,11.28,9.45,4.23,19.1,6.6,20.3,13.50,0%,D,D,16.01,16.01,100,,57,4.2,,16,,16.75,4.4
Dean Wade,,,PF/C,CLE,@ DAL,18th,103.50,3800,10.5,46.1,13.1,1.1,0.73,26.41,15.25,10.16,14.4,13.5,4.6,17.9,34.00,0%,A,C,22.25,22.25,100,,22,5.9,Y,30,,15.50,4.1
Cameron Johnson,,,SF/PF,PHX,vs NYK,5th,111.50,3800,0,12.4,18.3,1.4,0.77,27.46,9.72,6.18,0,17.3,8.0,23.9,0.00,0%,C,D,0,0,100,,66,0,,,,,
Kentavious Caldwell-Pope,,,SG,LAL,@ POR,25th,108.00,3800,9.3,38.6,18.2,1.7,0.65,23.58,9.50,8.37,8.44,14.3,7.5,27.8,32.00,0%,A,D,21.68,21.68,100,,54,5.7,Y,38,,31.00,8.2
Ben McLemore,,,SG/SF,LAL,@ POR,25th,108.00,3800,0.7,30.8,13.3,0.8,0.78,28.17,12.61,8.60,6.48,21.1,7.0,17.0,18.50,0%,E,E,14.15,14.15,100,,35,3.7,,23,,14.00,3.7
Lonnie Walker IV,,,PG/SG,SAS,@ SAC,7th,113.75,3800,6.6,39.5,18.5,1.6,0.74,26.49,9.55,9.39,7.03,20.3,10.0,25.1,26.50,0%,A,D,21.26,21.26,100,,49,5.6,Y,33,,22.25,5.9
Denzel Valentine,,,SG/SF,CHI,vs BOS,17th,111.00,3700,0,26.7,14.8,1.7,0.88,31.62,14.05,8.98,3.71,19.9,6.8,16.9,9.50,0%,E,E,4.14,4.14,100,,39,1.1,,2,,3.50,0.9
Dwight Powell,,,C,DAL,vs CLE,1st,113.50,3700,9.2,41.2,13.7,0.9,0.87,31.32,13.82,9.16,9.79,13.0,3.3,15.8,25.50,0%,A,D,21.2,21.2,100,,33,5.7,,22,,18.50,5
Austin Rivers,,,PG/SG,DEN,@ UTA,23rd,105.50,3700,7.8,42.8,15.5,2.2,0.69,24.76,11.89,10.00,10.57,15.4,6.5,22.5,32.00,0%,B,D,19.6,19.6,100,,35,5.3,,27,,28.00,7.6
Jae Crowder,,,SF/PF,PHX,vs NYK,5th,111.50,3700,5.7,34.9,22.2,2.1,0.81,29.10,9.95,8.34,5.87,15.8,8.1,27.5,21.25,0%,D,D,15.6,15.6,100,,62,4.2,,23,,30.00,8.1
Devontae Cacok,,,PF/C,LAL,@ POR,29th,108.00,3700,0,9.9,5.0,0.1,1.02,36.29,19.36,4.96,0,16.7,1.5,4.9,0.00,0%,E,E,1.68,1.68,100,,1,0.5,,,,,
Carmelo Anthony,,,PF,POR,vs LAL,22nd,115.00,3700,7.1,39.3,23.0,1.5,0.93,33.58,10.27,9.20,6.49,23.4,11.4,24.6,22.75,0%,B,D,19.86,19.86,100,,60,5.4,,18,,3.50,0.9
Payton Pritchard,,,PG,BOS,@ CHI,2nd,115.00,3600,0,31.3,15.1,1.8,0.78,28.17,12.07,9.07,5.45,16.5,6.2,19.3,16.25,0%,E,E,13.72,13.72,100,,40,3.8,,11,,3.50,1
Jaden McDaniels,,,PF,MIN,@ MIA,8th,110.00,3600,0,16.1,16.4,1.1,0.68,24.57,24.48,8.04,0,13.7,5.8,24.0,0.00,0%,,,0,0,100,,51,0,,,,,
Naz Reid,,,PF/C,MIN,@ MIA,9th,110.00,3600,9.4,43.4,21.5,1.0,1.12,40.23,13.94,9.72,7.84,22.8,8.3,19.2,20.25,0%,A,D,20.82,20.82,100,,55,5.8,,18,,14.00,3.9
Sterling Brown,,,SG/SF,HOU,@ MIL,30th,108.00,3600,0,17.7,18.3,1.4,0.76,27.33,10.57,8.86,0,13.4,6.5,24.1,0.00,0%,,,0,0,100,,52,0,,,,,
Pat Connaughton,,,SF,MIL,vs HOU,22nd,125.00,3600,7.3,34,17.2,1.2,0.75,27.06,10.21,7.63,6.38,11.9,5.6,22.9,22.50,0%,E,E,14.06,14.06,100,,56,3.9,,28,,21.25,5.9
Georges Niang,,,PF,UTA,vs DEN,13th,109.50,3600,6.3,33.8,12.0,0.8,0.78,28.08,13.15,7.85,8.86,16.4,5.4,15.3,24.25,0%,A,D,19.97,19.97,100,,35,5.5,Y,24,,21.00,5.8
Alec Burks,,,SF,NYK,@ PHX,13th,105.50,3600,0,19.7,23.4,2.2,0.92,33.32,10.12,9.84,0,20.4,9.9,25.3,0.00,0%,,,0,0,100,,58,0,,,,,
Maurice Harkless,,,SF/PF,SAC,vs SAS,11th,109.75,3600,6.8,38.2,11.6,1.0,0.57,20.39,11.07,8.97,9.07,10.5,4.0,20.5,29.50,0%,D,D,16.18,16.18,100,,23,4.5,Y,39,,29.25,8.1
Jaxson Hayes,,,C,NOP,@ PHI,13th,106.25,3500,12.5,37.2,13.9,0.5,0.91,32.86,12.55,7.05,8.11,14.6,3.9,15.2,23.25,0%,A,C,23.31,23.31,100,,49,6.7,,24,,41.00,11.7
Tomas Satoransky,,,PG,CHI,vs BOS,17th,111.00,3500,3.3,31.3,19.7,4.8,0.86,30.81,9.92,7.99,4.75,15.5,5.8,23.0,17.25,0%,C,D,16.19,16.19,100,,59,4.6,,13,,13.25,3.8
Sindarius Thornwell,,,SG,ORL,@ CHA,29th,103.50,3500,8,18.5,3.3,0.3,0.52,18.47,26.26,3.00,12.22,15.3,1.7,6.3,16.75,0%,E,E,9.15,9.15,100,,9,2.6,,14,,7.50,2.1
Juan Hernangomez,,,SF/PF,MIN,@ MIA,8th,110.00,3500,6,41.6,14.9,0.6,0.86,31.01,15.35,10.16,10.77,17.8,5.8,17.3,25.25,0%,A,D,21.15,21.15,100,,32,6,,24,,14.25,4.1
Immanuel Quickley,,,PG/SG,NYK,@ PHX,13th,105.50,3500,0,21.1,19.5,2.1,0.99,35.80,12.73,10.54,0,25.5,9.2,19.6,0.00,0%,,,0,0,100,,46,0,,,,,
Taj Gibson,,,PF/C,NYK,@ PHX,16th,105.50,3500,3.1,32.2,16.4,0.7,0.80,28.68,11.58,8.33,5.63,10.1,3.4,20.6,17.50,0%,D,D,15.55,15.55,100,,49,4.4,,25,,25.00,7.1
Torrey Craig,,,PF,PHX,vs NYK,5th,111.50,3500,1.8,33.5,13.5,0.9,0.88,31.59,14.36,9.06,7.88,13.5,4.3,15.4,19.75,0%,A,D,20.16,20.16,100,,33,5.8,Y,29,,19.50,5.6
Garrett Temple,,,SG/SF,CHI,vs BOS,17th,111.00,3400,4.4,31.5,17.2,2.2,0.63,22.93,9.27,7.76,5.6,13.6,7.0,27.1,21.75,0%,D,E,13.61,13.61,100,,55,4,,29,,12.00,3.5
Anthony Lamb,,,SF/PF,HOU,@ MIL,29th,108.00,3400,10.3,44.8,9.3,0.5,0.69,24.73,21.21,9.85,20.92,16.2,4.5,13.5,35.50,0%,A,C,29.64,29.64,100,,0,8.7,Y,35,,27.00,7.9
Bryn Forbes,,,PG/SG,MIL,vs HOU,25th,125.00,3400,0.6,29.8,14.6,0.6,0.74,26.75,12.11,8.34,5.89,18.4,7.7,19.6,17.50,0%,C,D,16.53,16.53,100,,43,4.9,,18,,17.75,5.2
Maxi Kleber,,,PF/C,DAL,vs CLE,1st,113.50,3400,0,14.9,18.6,1.3,0.68,24.67,8.87,7.44,0,10.7,5.5,27.2,0.00,0%,,,0,0,100,,60,0,,,,,
Paul Millsap,,,PF/C,DEN,@ UTA,25th,105.50,3400,9.2,36.1,20.5,1.7,0.98,35.24,13.48,7.70,7.96,18.7,7.1,20.9,21.25,0%,A,C,23.61,23.61,100,,62,6.9,Y,26,,25.75,7.6
Marc Gasol,,,C,LAL,@ POR,22nd,108.00,3400,0,25.7,16.5,2.0,0.87,31.46,13.90,8.04,4.05,12.2,3.9,18.9,10.50,0%,E,E,6.1,6.1,100,,51,1.8,,23,,19.50,5.7
Devin Vassell,,,SG/SF,SAS,@ SAC,6th,113.75,3400,7.2,32.9,12.4,0.9,0.73,26.56,10.06,7.33,6.01,13.9,4.7,16.9,21.50,0%,C,D,16.71,16.71,100,,41,4.9,,15,,11.50,3.4
James Johnson,,,SF/PF,NOP,@ PHI,9th,106.25,3300,14,47.9,16.9,1.9,0.85,30.71,14.04,9.68,11.41,15.9,6.1,19.8,29.25,0%,A,C,27.17,27.17,100,,43,8.2,Y,26,,20.00,6.1
Matisse Thybulle,,,SF,PHI,vs NOP,10th,117.25,3300,5.5,30.8,13.6,1.0,0.67,24.00,11.06,7.24,6.37,9.7,3.9,20.4,20.75,0%,D,E,14.56,14.56,100,,47,4.4,,14,,3.50,1.1
Aaron Nesmith,,,SF,BOS,@ CHI,3rd,115.00,3300,1.2,31,9.3,0.4,0.67,24.21,14.91,8.51,7.97,14.8,3.5,13.8,19.25,0%,D,E,14.43,14.43,100,,8,4.4,,13,,11.75,3.6
Adam Mokoka,,,PG,CHI,vs BOS,17th,111.00,3300,0,9.4,2.9,0.4,0.64,23.50,18.77,4.68,0,19.4,1.5,4.5,0.00,0%,,,0.00,0.00,100,,0,0,,,,,
Brad Wanamaker,,,PG/SG,CHA,vs ORL,20th,110.50,3300,6.4,31.3,13.2,2.8,0.77,27.75,11.20,7.12,6.46,16.8,5.0,17.1,20.75,0%,B,D,16.59,16.59,100,,46,5,,21,,13.75,4.2
Jarred Vanderbilt,,,PF/C,MIN,@ MIA,9th,110.00,3300,11.6,46.1,16.9,1.2,0.98,35.24,14.68,9.86,10.3,11.8,3.5,17.3,25.25,0%,A,D,21.75,21.75,100,,42,6.6,Y,36,,37.25,11.3
Dewayne Dedmon,,,C,MIA,vs MIN,2nd,118.00,3300,2.8,26.3,18.3,0.6,1.39,50.09,18.50,6.70,6.17,21.3,4.3,13.2,12.00,0%,E,E,13.18,13.18,100,,63,4,,15,,9.50,2.9
DaQuan Jeffries,,,SG,HOU,@ MIL,30th,108.00,3300,14.5,42.3,8.4,0.5,0.58,21.13,13.78,7.96,14.55,10.6,3.5,14.4,38.00,0%,A,C,24.72,24.72,100,,5,7.5,Y,32,,21.50,6.5
Willie Cauley-Stein,,,C,DAL,vs CLE,1st,113.50,3300,6.2,37.1,14.2,0.7,0.82,29.46,11.77,8.84,6.21,12.4,3.5,17.3,19.00,0%,B,D,17.52,17.52,100,,38,5.3,Y,23,,20.00,6.1
Monte Morris,,,PG/SG,DEN,@ UTA,26th,105.50,3300,0,13.6,20.0,3.2,0.77,27.54,8.47,6.79,0,16.5,8.3,26.1,0.00,0%,,,0.00,0.00,100,,66,0,,,,,
Elfrid Payton,,,PG,NYK,@ PHX,15th,105.50,3300,8.7,40.5,21.8,3.4,0.89,32.03,9.57,9.06,5.98,23.4,10.5,24.5,22.50,0%,A,D,20.57,20.57,100,,58,6.2,Y,18,,12.00,3.6
Drew Eubanks,,,C,SAS,@ SAC,7th,113.75,3300,1.4,32.3,14.8,0.8,1.05,37.77,12.10,8.82,4.29,18.3,3.8,14.1,12.75,0%,D,E,14.6,14.6,100,,40,4.4,,13,,10.75,3.3
Tyrese Maxey,,,PG/SG,PHI,vs NOP,9th,117.25,3200,0,32.6,13.0,1.8,0.88,31.58,13.75,10.82,4.49,22.8,6.8,14.8,11.75,0%,E,E,9.87,9.87,100,,17,3.1,,,,,
Wesley Iwundu,,,SF/PF,NOP,@ PHI,12th,106.25,3200,0.8,20.4,6.8,0.4,0.51,18.32,15.05,5.61,5.96,12.2,2.5,13.3,14.25,0%,E,E,8.45,8.45,100,,18,2.6,,22,,9.75,3
Bismack Biyombo,,,C,CHA,vs ORL,20th,110.50,3200,6.7,33.6,15.9,1.3,0.77,27.59,8.90,7.69,5.07,11.6,3.7,20.7,20.50,0%,B,D,17.53,17.53,100,,52,5.5,Y,32,,33.75,10.5
Chasson Randle,,,PG,ORL,@ CHA,29th,103.50,3200,2.4,29.4,11.9,1.8,0.60,21.64,10.74,7.71,6.94,15.8,5.4,19.9,23.25,0%,C,D,15.01,15.01,100,,35,4.7,,22,,20.50,6.4
Avery Bradley,,,SG/SF,HOU,@ MIL,30th,108.00,3200,0,11.3,13.5,1.7,0.61,21.84,8.29,5.63,0,15.0,6.3,22.3,0.00,0%,,,0,0,100,,58,0,,,,,
Tyler Bey,,,SF/PF,DAL,vs CLE,1st,113.50,3200,0,5.7,2.8,0.2,0.74,26.45,16.06,2.58,0.33,17.2,1.4,3.8,0.75,0%,,,0.56,0.56,100,,8,0.2,,2,,2.75,0.9
Shaquille Harrison,,,PG/SF,DEN,@ UTA,23rd,105.50,3200,14.1,33.5,5.3,0.5,0.68,24.61,17.59,5.54,11.12,17.4,2.0,7.8,22.75,0%,D,E,13.67,13.67,100,,0,4.3,,16,,13.00,4.1
Ersan Ilyasova,,,PF/C,UTA,vs DEN,13th,109.50,3200,0,24,8.6,0.3,0.97,34.79,18.89,10.28,1.84,17.9,3.1,8.9,3.50,0%,E,E,4.27,4.27,100,,0,1.3,,6,,6.25,2
Cameron Payne,,,PG,PHX,vs NYK,6th,111.50,3200,3.4,34.2,17.5,3.5,1.00,36.07,11.53,8.80,5.36,18.8,6.2,17.5,16.75,0%,B,D,17.42,17.42,100,,50,5.4,,21,,25.75,8
Markieff Morris,,,PF,LAL,@ POR,29th,108.00,3200,0.8,31.8,15.6,1.2,0.78,28.01,11.28,8.84,5.48,15.6,6.2,20.0,17.50,0%,C,E,14.76,14.76,100,,43,4.6,,10,,9.50,3
Tre Jones,,,PG,SAS,@ SAC,7th,113.75,3200,0,9.8,4.3,0.8,0.68,24.16,17.28,4.89,0,19.4,1.9,6.3,0.00,0%,E,E,1.19,1.19,100,,0,0.4,,,,,
Al-Farouq Aminu,,,SF/PF,CHI,vs BOS,14th,111.00,3100,0,21,14.5,1.3,0.77,27.79,10.96,9.53,0.76,13.4,4.3,18.8,2.50,0%,,,0.91,0.91,100,,34,0.3,,,,,
Nick Richards,,,C,CHA,vs ORL,20th,110.50,3100,0,3.4,1.7,0.1,0.49,17.69,19.80,1.68,0,11.5,0.5,3.5,0.00,0%,,,0.85,0.85,100,,1,0.3,,,,,
Andre Iguodala,,,SF/PF,MIA,vs MIN,3rd,118.00,3100,5.9,30.8,15.3,2.2,0.71,25.68,10.69,7.10,6.24,11.3,4.1,21.4,21.00,0%,C,E,14.18,14.18,100,,54,4.6,,17,,11.00,3.5
D.J. Wilson,,,C,HOU,@ MIL,27th,108.00,3100,0,17.7,11.9,0.7,0.96,34.51,10.12,8.85,0,20.1,4.8,12.4,0.00,0%,,,0,0,100,,26,0,,,,,
Jeff Teague,,,PG,MIL,vs HOU,25th,125.00,3100,0,28.8,13.7,2.4,0.77,27.92,11.84,8.74,3.95,16.3,5.1,17.7,12.00,0%,E,E,7.72,7.72,100,,36,2.5,,8,,4.00,1.3
Boban Marjanovic,,,C,DAL,vs CLE,1st,113.50,3100,0,21.2,11.6,0.3,1.29,46.21,19.77,9.74,0.69,23.9,4.0,9.0,1.25,0%,E,E,2.81,2.81,100,,16,0.9,,2,,1.25,0.4
Isaiah Hartenstein,,,C,CLE,@ DAL,18th,103.50,3100,3.8,38.8,13.8,1.2,1.15,41.34,14.08,10.01,6.26,19.1,3.6,12.0,16.00,0%,A,D,19.19,19.19,100,,27,6.2,,13,,8.50,2.7
JaMychal Green,,,PF,DEN,@ UTA,25th,105.50,3100,5.8,34.4,17.5,0.8,0.93,33.35,14.73,8.19,8.59,18.7,6.4,18.9,21.00,0%,B,D,16.27,16.27,100,,53,5.2,,21,,12.00,3.9
Trent Forrest,,,SG,UTA,vs DEN,14th,109.50,3100,3.1,26.8,5.9,1.4,0.70,25.39,19.95,6.75,9.98,12.7,1.7,8.4,18.00,0%,D,E,12.92,12.92,100,,0,4.2,,16,,16.25,5.2
Dario Saric,,,PF/C,PHX,vs NYK,7th,111.50,3100,4.7,32.3,16.8,1.3,0.98,35.16,14.23,7.87,6.92,22.7,6.8,17.2,17.50,0%,C,E,14.73,14.73,100,,53,4.8,,6,,0.00,
Anfernee Simons,,,PG/SG,POR,vs LAL,23rd,115.00,3100,2.2,33.7,14.4,1.4,0.86,30.77,13.64,9.00,7.77,19.2,6.4,16.8,20.50,0%,C,E,14.75,14.75,100,,38,4.8,,20,,9.75,3.1
Luka Samanic,,,PF,SAS,@ SAC,6th,113.75,3100,0,18,8.1,0.5,0.82,29.43,18.40,8.15,1.02,15.3,3.3,9.9,2.00,0%,E,E,2.33,2.33,100,,0,0.8,,,,,
Paul Reed,,,PF,PHI,vs NOP,12th,117.25,3000,0,15.4,7.3,0.3,1.14,41.23,24.83,7.68,0,21.3,2.6,6.4,0.00,0%,E,E,2.45,2.45,100,,0,0.8,,,,,
Isaiah Joe,,,SG,PHI,vs NOP,9th,117.25,3000,0,15.1,6.3,0.5,0.69,24.81,19.71,7.54,0,17.0,3.1,9.1,0.00,0%,E,E,1.58,1.58,100,,0,0.5,,,,,
Didi Louzada Silva,,,SG/SF,NOP,@ PHI,12th,106.25,3000,6.4,6.4,,,,,,,0,,,,8.00,0.1%,,,6.35,6.35,100,,0,2.1,,,,,
Kira Lewis Jr.,,,PG/SG,NOP,@ PHI,12th,106.25,3000,0.3,28.8,12.7,2.3,0.79,28.25,12.07,8.16,5.11,18.3,6.1,16.1,15.25,0%,A,D,17.46,17.46,100,,36,5.8,,21,,28.50,9.5
James Nunnally,,,SG,NOP,@ PHI,12th,106.25,3000,3,11.6,4.1,0.3,0.66,24.08,18.35,2.47,4.84,14.7,1.7,6.2,9.50,0%,E,E,8.91,8.91,100,,40,3,,,,,
Mason Jones,,,SF,PHI,vs NOP,9th,117.25,3000,0,16.6,9.8,1.3,0.93,33.66,17.99,8.30,0,22.4,3.8,10.5,0.00,0.1%,,,0.00,0.00,100,,15,0,,,,,
Rayjon Tucker,,,SF,PHI,vs NOP,10th,117.25,3000,0,5.8,4.5,0.5,0.96,34.66,29.08,2.92,0,15.9,1.1,4.7,0.00,0%,,,0.00,0.00,100,,35,0,,,,,
Wenyen Gabriel,,,SF/PF,NOP,@ PHI,12th,106.25,3000,4.7,23.3,5.2,0.5,0.73,26.58,19.43,5.32,8.23,18.7,1.6,7.1,15.25,0%,B,D,15.52,15.52,100,,0,5.2,,21,,23.75,7.9
Anthony Tolliver,,,PF/C,PHI,vs NOP,12th,117.25,3000,0,8.4,4.3,0.3,0.46,16.36,23.17,3.70,0.97,11.1,1.4,9.4,1.50,0%,,,0.43,0.43,100,,14,0.1,,,,,
George Hill,,,PG/SG,PHI,vs NOP,8th,117.25,3000,3.6,31.7,17.6,2.6,0.77,27.47,9.45,8.04,4.66,16.2,6.8,23.0,17.75,0%,D,E,13.15,13.15,100,,54,4.4,,17,,13.50,4.5
Mike Scott,,,PF/C,PHI,vs NOP,12th,117.25,3000,0,15.6,9.8,0.7,0.59,21.17,10.39,6.64,0.94,11.3,4.0,16.6,3.25,0%,E,E,2.14,2.14,100,,32,0.7,,12,,3.50,1.2
Devon Dotson,,,PG,CHI,vs BOS,14th,111.00,3000,0,3.7,2.5,0.4,0.81,29.16,45.72,1.84,0,12.8,1.0,3.1,0.00,0%,,,0,0,100,,26,0,,2,,6.00,2
Ryan Arcidiacono,,,PG,CHI,vs BOS,14th,111.00,3000,0,10.7,6.9,1.2,0.68,24.40,14.96,5.37,0,12.0,2.6,10.2,0.00,0%,E,E,1.06,1.06,100,,22,0.4,,2,,4.75,1.6
Tremont Waters,,,PG,BOS,@ CHI,2nd,115.00,3000,0,12.4,8.0,2.2,1.03,36.93,26.97,6.20,0,21.8,2.5,7.8,0.00,0%,E,E,1.34,1.34,100,,23,0.4,,3,,0.00,
Romeo Langford,,,SG/SF,BOS,@ CHI,2nd,115.00,3000,0,13.8,6.9,0.6,0.44,15.89,11.26,5.16,2.03,11.0,2.9,15.6,6.50,0%,E,E,4.23,4.23,100,,25,1.4,,3,,3.00,1
Javonte Green,,,SG,CHI,vs BOS,17th,111.00,3000,0,13.7,7.6,0.4,0.67,24.30,13.51,5.94,0.84,13.9,2.4,11.3,2.25,0%,E,E,1.81,1.81,100,,22,0.6,,6,,4.75,1.6
Troy Brown,,,SF,CHI,vs BOS,14th,111.00,3000,0,12.7,10.8,0.9,0.70,25.40,13.40,6.34,0,15.5,4.2,15.4,0.00,0%,E,E,0,0,100,,41,0,,,,,
Semi Ojeleye,,,PF,BOS,@ CHI,3rd,115.00,3000,0,20.1,10.1,0.7,0.59,21.08,10.71,7.32,2.83,11.5,4.0,17.2,9.50,0%,E,E,3.04,3.04,100,,28,1,,,,,
Jabari Parker,,,PF,BOS,@ CHI,3rd,115.00,3000,5.7,26,9.5,0.7,0.85,30.54,13.69,5.78,4.85,14.3,3.5,11.2,12.75,0%,E,E,10.03,10.03,100,,39,3.3,,10,,8.00,2.7
Carsen Edwards,,,PG/SG,BOS,@ CHI,2nd,115.00,3000,0,16,6.3,0.4,0.76,27.12,17.37,7.98,0,16.7,3.4,8.3,0.00,0%,,,0.00,0.00,100,,0,0,,3,,3.00,1
Cristiano Da Silva Felicio,,,C,CHI,vs BOS,14th,111.00,3000,0,6.8,3.0,0.5,0.73,26.85,19.44,3.40,0,7.3,0.5,4.1,0.00,0%,,,0.00,0.00,100,,0,0,,2,,1.50,0.5
Luke Kornet,,,C,BOS,@ CHI,3rd,115.00,3000,0,23.2,8.6,0.7,0.88,31.39,18.87,8.11,4.06,11.9,2.8,9.8,7.75,0%,E,E,1.68,1.68,100,,6,0.6,,10,,8.50,2.8
Grant Williams,,,SF/PF,BOS,@ CHI,3rd,115.00,3000,0,20.1,10.9,1.0,0.61,22.02,9.97,6.23,3.05,12.2,3.7,17.9,11.00,0%,E,E,8.81,8.81,100,,43,2.9,,12,,14.00,4.7
Tacko Fall,,,C,BOS,@ CHI,3rd,115.00,3000,0,8.6,8.6,0.1,1.23,43.97,28.06,4.28,0,18.4,1.7,7.0,0.00,0%,,,0.00,0.00,100,,50,0,,6,,6.50,2.2
Nate Darling,,,SG,CHA,vs ORL,24th,110.50,3000,0,4.7,2.0,0.1,0.54,19.73,17.42,2.35,0,13.9,1.0,3.7,0.00,0%,,,0.00,0.00,100,,0,0,,,,,
Devin Cannady,,,PG,ORL,@ CHA,19th,103.50,3000,0,15.8,7.0,0.1,0.75,27.12,27.54,7.88,0,20.9,3.5,9.3,0.00,0%,,,0.00,0.00,100,,0,0,,,,,
Markelle Fultz,,,PG,ORL,@ CHA,19th,103.50,3000,0,19.7,26.4,5.4,0.98,35.37,6.74,9.85,0,26.9,13.0,26.9,0.00,0%,,,0.00,0.00,100,,63,0,,,,,
Grant Riller,,,PG,CHA,vs ORL,20th,110.50,3000,0,5.8,4.4,0.5,1.19,42.95,38.40,2.92,0,25.4,1.8,3.7,0.00,0%,E,E,2.23,2.23,100,,34,0.7,,,,,
Vernon Carey Jr.,,,C,CHA,vs ORL,20th,110.50,3000,0,14.9,4.9,0.1,0.79,28.70,43.42,7.43,0,18.3,1.9,6.2,0.00,0%,E,E,1.52,1.52,100,,0,0.5,,,,,
Robert Franks,,,PF,ORL,@ CHA,17th,103.50,3000,0,10.5,11.6,0.7,0.81,29.05,17.52,5.24,0,19.2,4.0,14.4,0.00,0%,,,0.00,0.00,100,,55,0,,,,,
Ignas Brazdeikis,,,PF,ORL,@ CHA,28th,103.50,3000,5.3,33.5,6.4,0.4,0.58,20.92,36.90,8.07,27.68,20.1,3.0,11.0,27.00,0%,A,D,19.07,19.07,100,,0,6.4,,24,,20.75,6.9
Jonathan Isaac,,,PF,ORL,@ CHA,28th,103.50,3000,0,0,,,,,,,0,,,,0.00,0%,,,0.00,0.00,100,,0,0,,,,,
Jake Layman,,,SF,MIN,@ MIA,8th,110.00,3000,0,23,10.3,0.7,0.72,25.91,13.86,7.25,4.24,15.7,4.2,14.3,11.00,0%,E,E,6.84,6.84,100,,30,2.3,,,,,
Jordan McLaughlin,,,PG,MIN,@ MIA,9th,110.00,3000,0,19.3,15.7,4.0,0.84,30.22,10.99,7.31,1.53,13.5,4.8,18.7,5.00,0%,E,E,5.17,5.17,100,,53,1.7,,15,,8.00,2.7
Gabe Vincent,,,SG,MIA,vs MIN,1st,118.00,3000,0,17.8,9.2,1.2,0.69,24.58,23.57,8.65,0.49,18.3,4.8,13.4,0.75,0%,E,E,1.31,1.31,100,,6,0.4,,,,,
Nemanja Bjelica,,,PF/C,MIA,vs MIN,2nd,118.00,3000,0,19.5,13.4,1.7,0.87,31.34,13.52,9.75,0,16.3,5.0,15.4,0.00,0%,,,0.72,0.72,100,,27,0.2,,,,,
Max Strus,,,SG/SF,MIA,vs MIN,3rd,118.00,3000,0,17,9.3,0.6,0.72,25.63,17.58,8.11,0.49,17.2,4.7,13.0,1.00,0%,E,E,1.36,1.36,100,,13,0.5,,,,,
KZ Okpala,,,SF/PF,MIA,vs MIN,2nd,118.00,3000,0,12.3,6.4,0.5,0.52,18.80,14.41,6.13,0,9.7,2.6,12.3,0.00,0%,,,0.99,0.99,100,,4,0.3,,,,,
Jarrett Culver,,,SG/SF,MIN,@ MIA,8th,110.00,3000,0,17.6,11.5,0.7,0.78,28.22,15.02,8.79,0,17.6,4.9,14.7,0.00,0%,,,0,0,100,,24,0,,,,,
Josh Okogie,,,SG/SF,MIN,@ MIA,8th,110.00,3000,8.4,31,13.3,1.1,0.64,22.91,7.99,6.47,5.22,12.4,4.5,20.9,23.50,0%,C,E,13.9,13.9,100,,51,4.6,,10,,6.00,2
Ed Davis,,,C,MIN,@ MIA,8th,110.00,3000,0,12.2,12.8,1.0,0.92,33.20,14.39,6.12,0,8.2,2.1,13.9,0.00,0%,E,E,1.05,1.05,100,,52,0.4,,,,,
Udonis Haslem,,,C,MIA,vs MIN,2nd,118.00,3000,0,0,,,,,,,0,,,,0.00,0%,,,0.00,0.00,100,,0,0,,,,,
Precious Achiuwa,,,C,MIA,vs MIN,2nd,118.00,3000,0,15.9,11.1,0.5,0.93,33.40,15.29,7.97,0,19.6,3.6,11.9,0.00,0%,E,E,1.66,1.66,100,,28,0.6,,,,,
Rodions Kurucs,,,SF/PF,MIL,vs HOU,21st,125.00,3000,0,9,4.6,0.5,0.78,28.23,21.99,4.50,0,19.2,1.5,5.9,0.00,0%,E,E,2.95,2.95,100,,2,1,,3,,2.00,0.7
Sam Merrill,,,PG/SG,MIL,vs HOU,22nd,125.00,3000,0,15.1,6.1,0.7,0.82,29.80,30.43,7.54,0,14.8,2.3,7.4,0.00,0%,E,E,3.19,3.19,100,,0,1.1,,,,,
P.J. Tucker,,,SF/PF,MIL,vs HOU,19th,125.00,3000,1.4,27.7,13.1,1.1,0.49,17.73,8.49,7.52,4.6,7.0,3.5,26.7,19.50,0%,E,E,6.69,6.69,100,,43,2.2,,19,,10.00,3.3
Mamadi Diakite,,,C,MIL,vs HOU,19th,125.00,3000,0,14.4,7.6,0.5,0.92,32.67,16.32,7.18,0,14.3,2.4,8.3,0.00,0%,,,0.00,0.00,100,,6,0,,,,,
Dante Exum,,,PG,HOU,@ MIL,24th,108.00,3000,0,14.6,12.2,2.2,0.63,22.73,18.53,7.31,0,17.6,4.3,19.3,0.00,0%,,,0.00,0.00,100,,40,0,,,,,
Thanasis Antetokounmpo,,,PF,MIL,vs HOU,19th,125.00,3000,0,20.1,8.3,0.9,0.81,29.02,17.51,8.56,1.58,15.2,2.6,10.3,3.25,0%,E,E,4.79,4.79,100,,0,1.6,,,,,
John Wall,,,PG,HOU,@ MIL,24th,108.00,3000,0,22.2,38.1,6.9,1.18,42.63,10.47,11.11,0,31.7,18.1,32.2,0.00,0%,,,0,0,100,,71,0,,,,,
D.J. Augustin,,,PG,HOU,@ MIL,24th,108.00,3000,11.4,38.7,15.0,3.3,0.78,28.19,13.17,7.80,10.24,16.4,5.6,19.2,28.00,0%,A,C,29.72,29.72,100,,48,9.9,Y,29,,27.50,9.2
Axel Toupane,,,SG,MIL,vs HOU,22nd,125.00,3000,0,12,4.8,0.5,0.63,22.43,19.64,5.99,0,9.3,1.4,7.6,0.00,0%,,,0,0,100,,0,0,,,,,
David Nwaba,,,SG,HOU,@ MIL,30th,108.00,3000,0,20,19.1,1.0,0.85,30.50,13.13,9.98,0,16.5,7.2,22.6,0.00,0%,,,0.00,0.00,100,,48,0,,,,,
Jordan Nwora,,,PF,MIL,vs HOU,19th,125.00,3000,0,22.1,9.4,0.3,1.07,38.19,24.14,11.05,0,22.1,4.2,8.8,0.00,0%,E,E,3.96,3.96,100,,0,1.3,,,,,
Justin Jackson,,,PF,MIL,vs HOU,19th,125.00,3000,0,15.6,13.2,1.5,0.80,28.90,15.60,7.78,0,22.6,6.4,16.5,0.00,0%,,,0.00,0.00,100,,41,0,,,,,
Josh Green,,,SF,DAL,vs CLE,1st,113.50,3000,2.5,22.4,6.7,0.7,0.60,21.84,13.13,5.67,6.02,13.5,2.2,11.1,16.50,0%,E,E,9.35,9.35,100,,15,3.1,,26,,14.25,4.8
Anderson Varejao,,,C,CLE,@ DAL,21st,103.50,3000,4.7,4.7,,,,,,,0,,,,6.00,0%,E,E,3.51,3.51,100,,0,1.2,,,,,
Nate Hinton,,,SF,DAL,vs CLE,1st,113.50,3000,0,6.7,3.2,0.3,0.82,29.29,24.70,2.99,0.51,18.5,1.5,3.9,0.75,0%,,,0.73,0.73,100,,7,0.2,,13,,14.50,4.8
Trey Burke,,,PG/SG,DAL,vs CLE,3rd,113.50,3000,0,30.9,11.5,1.3,0.78,27.87,15.02,9.05,6.15,19.8,5.7,14.8,14.75,0%,D,E,12.08,12.08,100,,21,4,,20,,12.00,4
Damyean Dotson,,,SG/SF,CLE,@ DAL,17th,103.50,3000,2.5,32,13.1,2.0,0.68,24.50,10.36,8.42,6.33,17.0,6.2,19.2,22.00,0%,A,D,17.49,17.49,100,,36,5.8,,18,,3.25,1.1
Matthew Dellavedova,,,PG,CLE,@ DAL,21st,103.50,3000,0,12.4,12.5,4.5,0.73,26.04,9.20,6.19,0,12.4,4.3,17.2,0.00,0%,,,0.00,0.00,100,,50,0,,,,,
Jeremiah Martin,,,PG,CLE,@ DAL,15th,103.50,3000,0,15,4.4,0.5,0.76,27.39,23.46,4.63,3.91,31.5,2.8,5.8,6.00,0%,E,E,9.39,9.39,100,,0,3.1,,7,,6.25,2.1
Tyrell Terry,,,PG,DAL,vs CLE,1st,113.50,3000,0,6.9,3.7,0.6,0.65,23.05,19.93,3.43,0,18.2,1.5,5.7,0.00,0%,,,0.00,0.00,100,,7,0,,,,,
J.J. Redick,,,SG,DAL,vs CLE,1st,113.50,3000,0,14.7,12.4,1.2,0.73,26.39,10.69,7.34,0,19.6,6.2,16.9,0.00,0%,E,E,0,0,100,,41,0,,,,,
Dylan Windler,,,SG,CLE,@ DAL,16th,103.50,3000,0,16.1,13.1,1.1,0.79,28.29,11.95,8.06,0,15.4,4.2,16.6,0.00,0%,,,0.00,0.00,100,,38,0,,,,,
Mfiondu Kabengele,,,PF,CLE,@ DAL,18th,103.50,3000,3.2,21.4,4.1,0.4,0.73,26.61,24.24,5.21,8.92,15.8,1.7,5.6,13.25,0%,D,E,12.99,12.99,100,,0,4.3,,3,,4.50,1.5
Nicolo Melli,,,PF,DAL,vs CLE,1st,113.50,3000,0,21.1,8.2,1.0,0.68,24.24,14.83,6.23,4.33,11.5,2.9,12.1,10.50,0%,E,E,7.73,7.73,100,,24,2.6,,,,,
Lamar Stevens,,,SF,CLE,@ DAL,17th,103.50,3000,0,14.8,9.4,0.6,0.75,26.96,16.64,7.40,0,16.6,3.4,12.5,0.00,0%,,,0,0,100,,21,0,,,,,
Brodric Thomas,,,SG,CLE,@ DAL,16th,103.50,3000,0,18.6,6.4,0.8,0.73,25.94,16.96,5.82,4.48,21.7,2.6,8.8,9.50,0%,E,E,7.87,7.87,100,,9,2.6,,24,,12.00,4
JaVale McGee,,,C,DEN,@ UTA,26th,105.50,3000,3,30.7,17.7,0.9,1.21,43.59,13.36,7.92,4.64,24.3,6.1,14.6,12.50,0%,C,E,13.66,13.66,100,,55,4.6,,13,,6.00,2
Udoka Azubuike,,,C,UTA,vs DEN,12th,109.50,3000,0,5.7,3.1,0.0,0.72,25.44,21.41,2.85,0,9.1,0.6,4.3,0.00,0%,,,0.00,0.00,100,,8,0,,,,,
Bol Bol,,,SF/PF,DEN,@ UTA,26th,105.50,3000,0,6.7,4.3,0.2,0.90,32.74,29.59,3.34,0,22.7,1.7,4.8,0.00,0%,E,E,1.18,1.18,100,,22,0.4,,,,,
Derrick Favors,,,C,UTA,vs DEN,13th,109.50,3000,7.8,27.1,16.3,0.7,1.07,38.18,11.32,5.51,4.48,13.5,3.6,15.3,14.25,0%,C,E,14.51,14.51,100,,66,4.8,,13,,5.50,1.8
Miye Oni,,,SF,UTA,vs DEN,14th,109.50,3000,1.8,17.9,5.7,0.5,0.61,21.78,18.20,4.58,6.7,10.3,1.9,9.4,13.25,0%,E,E,8.51,8.51,100,,20,2.8,,5,,6.25,2.1
Zeke Nnaji,,,PF/C,DEN,@ UTA,26th,105.50,3000,0,11.3,6.0,0.2,0.65,23.11,24.20,5.65,0,15.8,2.4,9.3,0.00,0%,,,0.86,0.86,100,,6,0.3,,,,,
Vlatko Cancar,,,SF,DEN,@ UTA,25th,105.50,3000,0,9.1,3.8,0.3,0.72,25.45,23.09,4.56,0,13.4,1.3,5.3,0.00,0%,E,E,0.93,0.93,100,,0,0.3,,,,,
Juwan Morgan,,,PF,UTA,vs DEN,13th,109.50,3000,0,12,3.3,0.3,0.65,23.54,16.73,5.98,0,8.5,1.0,5.1,0.00,0%,,,0,0,100,,0,0,,,,,
Markus Howard,,,PG,DEN,@ UTA,23rd,105.50,3000,0,5.5,2.3,0.4,0.66,23.43,29.87,2.29,1.24,23.7,1.8,3.5,1.50,0%,E,E,0.89,0.89,100,,0,0.3,,,,,
Matt Thomas,,,SG,UTA,vs DEN,14th,109.50,3000,0,14.3,5.4,0.4,0.71,25.84,21.88,5.84,2.13,19.5,3.0,7.6,3.50,0%,E,E,3.09,3.09,100,,0,1,,,,,
Elijah Hughes,,,SF,UTA,vs DEN,13th,109.50,3000,0,6.1,3.1,0.4,0.84,30.43,47.55,3.03,0,26.1,1.7,3.7,0.00,0%,,,0.00,0.00,100,,2,0,,,,,
Jarrell Brantley,,,SF,UTA,vs DEN,13th,109.50,3000,0,13.9,5.0,0.5,1.00,35.50,28.54,5.70,2.18,18.4,1.8,5.0,2.75,0%,E,E,1.4,1.4,100,,0,0.5,,,,,
Jamal Murray,,,SG,DEN,@ UTA,23rd,105.50,3000,0,23.9,36.9,4.8,1.04,37.47,9.73,11.93,0,24.5,16.5,35.5,0.00,0%,,,0.00,0.00,100,,68,0,,,,,
E'Twaun Moore,,,SG/SF,PHX,vs NYK,4th,111.50,3000,0,14.2,9.7,1.4,0.68,24.55,12.74,7.08,0,16.9,4.2,14.2,0.00,0%,E,E,1.13,1.13,100,,27,0.4,,,,,
Theo Pinson,,,SG/SF,NYK,@ PHX,13th,105.50,3000,0,1.8,0.5,0.1,0.24,9.51,22.15,0.69,0.31,13.8,0.5,2.1,0.50,0%,,,0.73,0.73,100,,0,0.2,,,,,
Jevon Carter,,,PG/SG,PHX,vs NYK,6th,111.50,3000,3,28.7,9.0,1.1,0.78,28.15,17.52,7.34,8.4,15.9,3.5,11.6,17.25,0%,E,E,11.97,11.97,100,,18,4,,9,,5.00,1.7
Jared Harper,,,PG,NYK,@ PHX,15th,105.50,3000,0,2.4,0.8,0.1,0.40,13.50,16.08,0.94,0.34,22.9,0.6,2.0,0.75,0%,,,0.54,0.54,100,,0,0.2,,1,,0.75,0.3
Obi Toppin,,,PF,NYK,@ PHX,16th,105.50,3000,0,18.6,8.5,0.4,0.75,27.29,12.55,5.35,3.57,15.4,3.4,11.3,10.25,0%,E,E,11.88,11.88,100,,37,4,,15,,19.75,6.6
Ty-Shon Alexander,,,PG,PHX,vs NYK,4th,111.50,3000,0,4.2,1.8,0.3,0.55,19.38,18.13,2.09,0,21.1,0.9,3.3,0.00,0%,,,0.00,0.00,100,,0,0,,1,,1.25,0.4
Frank Ntilikina,,,PG/SG,NYK,@ PHX,15th,105.50,3000,0.7,22.2,7.3,0.7,0.62,22.43,16.07,6.13,5.91,13.1,2.9,11.7,13.25,0%,E,E,4.44,4.44,100,,16,1.5,,15,,1.00,0.3
Norvel Pelle,,,C,NYK,@ PHX,15th,105.50,3000,0,11.2,5.4,0.2,0.78,28.30,27.00,4.58,1.5,10.9,1.3,6.9,2.00,0%,E,E,2.79,2.79,100,,15,0.9,,1,,0.00,
Abdel Nader,,,SF/PF,PHX,vs NYK,5th,111.50,3000,0,14.6,12.6,0.8,0.86,31.04,23.80,7.32,0,20.6,4.8,14.7,0.00,0%,,,0,0,100,,42,0,,,,,
John Henson,,,C,NYK,@ PHX,16th,105.50,3000,0,0,,,,,,,0,,,,0.00,0%,,,0.00,0.00,100,,0,0,,,,,
Frank Kaminsky,,,C,PHX,vs NYK,7th,111.50,3000,0,29.1,14.9,1.5,1.02,36.74,13.29,8.81,4.15,18.8,5.2,14.6,11.25,0%,C,E,14.94,14.94,100,,41,5,,19,,20.50,6.8
Jalen Smith,,,C,PHX,vs NYK,7th,111.50,3000,0,7.1,3.0,0.1,0.71,26.02,22.85,3.53,0,19.1,1.4,4.2,0.00,0%,E,E,1.12,1.12,100,,0,0.4,,,,,
Langston Galloway,,,PG/SG,PHX,vs NYK,6th,111.50,3000,0,12.5,7.6,0.6,0.72,25.72,17.03,6.23,0,17.4,3.4,10.6,0.00,0%,E,E,1.15,1.15,100,,18,0.4,,2,,0.00,
Kevin Knox,,,SF/PF,NYK,@ PHX,16th,105.50,3000,0,16.8,7.6,0.5,0.68,24.42,21.88,7.10,2.13,16.4,3.5,11.2,3.50,0%,E,E,1.02,1.02,100,,7,0.3,,2,,0.00,
Harry Giles,,,C,POR,vs LAL,28th,115.00,3000,0,12.3,9.6,0.7,1.01,36.11,22.86,5.31,0.95,17.2,2.6,9.5,1.50,0%,E,E,1.33,1.33,100,,45,0.4,,,,,
Zach Collins,,,C,POR,vs LAL,28th,115.00,3000,0,0,0.0,0.0,0.00,0.00,0.00,0.00,0,0.0,0.0,3.0,0.00,0%,,,0,0,100,,0,0,,,,,
Wesley Matthews,,,SG,LAL,@ POR,25th,108.00,3000,2.6,28.7,10.1,0.9,0.52,18.67,11.00,7.45,7.26,11.5,4.3,19.5,23.75,0%,D,E,12.27,12.27,100,,26,4.1,,17,,11.25,3.8
Derrick Jones Jr.,,,SF,POR,vs LAL,22nd,115.00,3000,0,22.8,15.8,0.8,0.69,24.75,9.30,8.41,1.87,12.0,5.3,23.0,7.25,0%,E,E,2.4,2.4,100,,47,0.8,,,,,
Keljin Blevins,,,SG,POR,vs LAL,22nd,115.00,3000,0,4.7,2.1,0.3,0.44,15.58,24.26,2.16,0.51,14.6,1.4,4.8,0.75,0%,,,0.46,0.46,100,,0,0.2,,,,,
Kostas Antetokounmpo,,,PF,LAL,@ POR,27th,108.00,3000,0,6.1,2.9,0.1,0.78,28.13,23.77,3.07,0,18.7,0.7,3.7,0.00,0.1%,,,0.00,0.00,100,,0,0,,,,,
Alfonzo McKinnie,,,PF,LAL,@ POR,27th,108.00,3000,0,18.1,5.4,0.2,0.82,29.66,30.66,6.07,6.81,18.8,2.3,6.6,8.00,0%,E,E,6.97,6.97,100,,0,2.3,,,,,
Rondae Hollis-Jefferson,,,PF/C,POR,vs LAL,28th,115.00,3000,0,17.6,8.9,1.2,0.86,30.97,21.63,6.02,3.3,13.1,1.9,10.3,5.50,0%,E,E,2.65,2.65,100,,32,0.9,,1,,1.25,0.4
TJ Leaf,,,PF/C,POR,vs LAL,28th,115.00,3000,0,4.8,4.8,0.0,0.87,31.50,17.71,2.42,0,16.3,1.5,5.5,0.00,0.1%,,,0.00,0.00,100,,50,0,,,,,
Nassir Little,,,SF/PF,POR,vs LAL,22nd,115.00,3000,0,21.9,9.8,0.5,0.72,25.56,14.43,9.09,2,13.3,3.6,13.7,5.00,0%,E,E,2.54,2.54,100,,7,0.8,,,,,
Jared Dudley,,,PF,LAL,@ POR,27th,108.00,3000,0,6.3,3.8,0.5,0.56,19.80,20.17,3.14,0,3.0,0.6,6.8,0.00,0%,,,0.00,0.00,100,,17,0,,,,,
CJ Elleby,,,SG/SF,POR,vs LAL,28th,115.00,3000,0,12.7,5.1,0.4,0.75,27.00,23.86,6.33,0,17.3,2.3,6.8,0.00,0%,E,E,1,1,100,,0,0.3,,,,,
Cameron Reynolds,,,SF,SAS,@ SAC,7th,113.75,3000,0,1.9,0.7,0.0,0.35,12.00,16.97,0.94,0,14.3,0.7,2.0,0.00,0%,,,0.00,0.00,100,,0,0,,,,,
Louis King,,,SF,SAC,vs SAS,10th,109.75,3000,0,0,0.0,0.0,0.00,0.00,0.00,0.00,0,42.8,1.0,1.0,0.00,0%,,,0.00,0.00,100,,0,0,,,,,
Quinndary Weatherspoon,,,SG,SAS,@ SAC,7th,113.75,3000,0,7.4,2.7,0.3,0.61,21.84,21.84,3.71,0,17.7,0.9,4.4,0.00,0%,E,E,0.82,0.82,100,,0,0.3,,,,,
Justin James,,,SF,SAC,vs SAS,11th,109.75,3000,0.9,15.8,4.2,0.5,0.58,21.15,20.55,4.28,5.57,15.3,2.1,7.2,9.75,0%,E,E,5.54,5.54,100,,0,1.8,,1,,0.00,
Kyle Guy,,,PG/SG,SAC,vs SAS,13th,109.75,3000,0,21.9,5.9,0.9,0.79,28.43,18.55,7.31,4.51,21.3,2.9,7.5,8.75,0%,E,E,8.13,8.13,100,,0,2.7,,11,,9.00,3
Jahmi'us Ramsey,,,PG/SG,SAC,vs SAS,11th,109.75,3000,0,10,3.8,0.3,0.97,34.97,24.80,3.47,2.76,20.1,1.6,3.9,4.00,0%,E,E,5.69,5.69,100,,9,1.9,,,,,
Chimezie Metu,,,PF/C,SAC,vs SAS,13th,109.75,3000,4.4,26.7,11.5,0.7,1.00,35.97,16.39,6.38,5.69,22.0,4.2,11.5,12.50,0%,D,E,13.06,13.06,100,,45,4.4,,12,,3.25,1.1
Chris Silva,,,PF,SAC,vs SAS,10th,109.75,3000,0,13.5,6.5,0.5,0.92,32.97,15.96,6.74,0,19.5,1.2,7.1,0.00,0%,,,0.00,0.00,100,,0,0,,,,,
Patrick Mills,,,PG/SG,SAS,@ SAC,7th,113.75,3000,6.1,31.9,18.8,2.4,0.76,27.19,10.46,7.38,6.1,18.2,9.1,24.9,21.00,0%,B,D,16.35,16.35,100,,61,5.5,,22,,9.25,3.1
Robert Woodard II,,,SG/SF,SAC,vs SAS,11th,109.75,3000,0,5.8,3.3,0.0,1.27,44.38,33.09,2.90,0,24.9,1.3,2.6,0.00,0%,,,0.00,0.00,100,,12,0,,,,,
Keita Bates-Diop,,,SF/PF,SAS,@ SAC,7th,113.75,3000,0,14.1,5.6,0.4,0.75,27.00,19.44,6.72,0.41,14.3,1.9,7.5,0.75,0%,E,E,2.39,2.39,100,,0,0.8,,,,,
Gorgui Dieng,,,C,SAS,@ SAC,6th,113.75,3000,0,31.9,15.8,1.2,1.05,37.57,15.48,10.25,4.19,16.4,4.2,15.1,9.75,0%,E,E,9.26,9.26,100,,35,3.1,,,,,
Damian Jones,,,C,SAC,vs SAS,11th,109.75,3000,3.3,25.3,8.7,0.5,0.74,26.45,15.74,6.28,6.34,11.7,1.9,11.8,14.50,0%,C,E,14.63,14.63,100,,28,4.9,,15,,17.75,5.9
Trey Lyles,,,C,SAS,@ SAC,6th,113.75,3000,0,19.6,11.4,0.6,0.74,26.52,14.66,9.81,0,10.5,3.9,15.5,0.00,0%,,,0.00,0.00,100,,14,0,,,,,